<manifest alg="2" build="2018.0.0.379" opt="false" iceEnabled="true" iceMarkupVersion="2" iceEnabledOptions="link,responsive,cachebuster,textStyling" exportTarget="other" domain="musefree.com" resolutions="1x" timestamp="1511153568937">
  <folder name="css">
    <file name="site_global.css" crc="444006867"/>
    <file name="home-copy.css" crc="3966149590" ref="home-copy"/>
    <file name="iefonts_home-copy.css" crc="443207641" ref="home-copy"/>
    <file name="index.css" crc="200662269" ref="index"/>
    <file name="iefonts_index.css" crc="4026220892" ref="index"/>
    <file name="contact.css" crc="135160032" ref="contact"/>
  </folder>
  <folder name="scripts">
    <file name="jquery-1.8.3.min.js" crc="209076791" ref="index:contact:home-copy"/>
    <file name="museutils.js" crc="3803043152" ref="index:contact:home-copy"/>
    <file name="whatinput.js" crc="86476730" ref="index:contact:home-copy"/>
    <file name="museconfig.js" crc="380897831" ref="index:contact:home-copy"/>
    <file name="jquery.musemenu.js" crc="3784699396" ref="index:home-copy"/>
    <file name="jquery.musepolyfill.bgsize.js" crc="4148998990" ref="index:home-copy"/>
    <file name="jquery.watch.js" crc="99325471" ref="index:contact:home-copy"/>
    <file name="webpro.js" crc="242022427" ref="index:home-copy"/>
    <file name="form_check.php" crc="147359589" ref="index"/>
    <file name="form_throttle.php" crc="93986428" ref="index"/>
    <file name="form_process.php" crc="3851993751" ref="index"/>
    <file name="form-u305.php" crc="4100159856" ref="index"/>
    <file name="jquery.scrolleffects.js" crc="530399994" ref="index:home-copy"/>
    <file name="html5shiv.js" crc="4241844378" ref="index:contact:home-copy"/>
    <file name="require.js" crc="4157109226" ref="index:contact:home-copy"/>
    <file name="form-u1057.php" crc="443429428" ref="home-copy"/>
  </folder>
  <folder name="images">
    <file name="bg1.jpg" crc="4183312463" ref="index:home-copy">
      <caption webpage="index" alt=""/>
    </file>
    <file name="bg2.jpg" crc="3993228101" ref="index:home-copy">
      <caption webpage="index" alt=""/>
    </file>
    <file name="people-eiffel-tower-france-landmark-medium.jpg" crc="179054229" ref="index:home-copy">
      <caption webpage="index" alt=""/>
      <caption webpage="home-copy" alt=""/>
    </file>
    <file name="city-lights-night-rooftop-medium.jpg" crc="376625311" ref="index:home-copy">
      <caption webpage="index" alt=""/>
      <caption webpage="home-copy" alt=""/>
    </file>
    <file name="night-industry-rails-railroads-medium.jpg" crc="508790507" ref="index:home-copy">
      <caption webpage="index" alt=""/>
      <caption webpage="home-copy" alt=""/>
    </file>
    <file name="heart.png" crc="117585526" seo="true" ref="index:home-copy">
      <caption webpage="index" alt=""/>
      <caption webpage="home-copy" alt=""/>
    </file>
  </folder>
  <file name="index.html" crc="3984623362" seo="true" mt="1511153526519" redirect="true"/>
  <file name="contact.html" crc="103603335" seo="true" mt="1511151658059" redirect="true"/>
  <file name="home-copy.html" crc="419150581" seo="true" mt="1511151658059" redirect="true"/>
</manifest>